Epoch,Train Loss,Val Loss,L2 Loss,L2 Std,L2 Max Outlier
1,0.0004933,0.0008232,66.77,60.12,191.1
2,0.0002746,0.0008202,77.45,64.49,188.6
