epoch,loss,val_loss
0,0.000716600043233484,0.0007647937163710594
