Epoch,Train Loss,Val Loss,L2 Loss,L2 Std,L2 Max Outlier
1,0.0005394,0.0008689,89.72,62.76,219.2
2,0.0002911,0.0008629,132.2,34.09,207.9
