Epoch,Train Loss,Val Loss,L2 Loss,L2 Std,L2 Max Outlier
1,0.001102,0.00102,77.39,62.01,219.2
2,0.0003102,0.0008736,97.96,60.79,202.2
