epoch,loss,val_loss
0,0.0007187176961451769,0.0007645660080015659
