epoch,loss,val_loss
0,0.0007163387490436435,0.0007645857403986156
1,0.0009293456096202135,0.0007645645528100431
